,precision,recall,f1-score,support
0.0,0.8514285714285714,0.93125,0.8895522388059702,160.0
1.0,0.5769230769230769,0.36585365853658536,0.44776119402985076,41.0
accuracy,0.8159203980099502,0.8159203980099502,0.8159203980099502,0.8159203980099502
macro avg,0.7141758241758241,0.6485518292682927,0.6686567164179105,201.0
weighted avg,0.7954349133453611,0.8159203980099502,0.7994356575332295,201.0
