,precision,recall,f1-score,support
0,0.9627329192546584,0.96875,0.9657320872274143,160.0
1,0.875,0.8536585365853658,0.8641975308641976,41.0
accuracy,0.945273631840796,0.945273631840796,0.945273631840796,0.945273631840796
macro avg,0.9188664596273293,0.9112042682926829,0.914964809045806,201.0
weighted avg,0.9448371496554495,0.945273631840796,0.9450210583175044,201.0
