,precision,recall,f1-score,support
0,0.846560847,1,0.916905444,160
1,1,0.292682927,0.452830189,41
accuracy,0.855721393,0.855721393,0.855721393,0.855721393
macro avg,0.923280423,0.646341463,0.684867816,201
weighted avg,0.87785938,0.855721393,0.822243327,201
